"","x"
"1","#0"
"1" 1 0.97503274718 3.83161183602712e-05 0 0 0 0.05
"2" 2 0.97503274718 5.4554830164311e-05 7.68823196066908e-07 0.958033153878423 1.20725518004683e-06 0.05
"3" 4 0.97503274718 6.80594022249524e-05 1.43631967298745e-06 1.49104373757507 -1.47337040001805e-06 0.05
"4" 8 0.97503274718 9.59684603435328e-05 2.71881345709969e-06 2.96463462819461 -2.64185046006116e-06 0.05
"5" 16 0.975033862920673 0.000115297150149268 4.55408511706821e-06 4.27908849334623 2.11797337734687e-06 0.05
"6" 32 0.975033862920673 0.000130211316107005 7.81295469396246e-06 5.45772412707356 -6.09289487185638e-06 0.05
"7" 52 0.975033862920673 0.000133129816296945 9.85933555383283e-06 5.70512005506103 1.07114044467504e-06 0.05
"8" 72 0.97504468629227 0.00012858963482423 1.16052214740484e-05 5.32262719262513 1.64938780189416e-06 0.05
"9" 92 0.97504468629227 0.000129495403429176 1.23586430474076e-05 5.39787506314825 3.94003804249365e-07 0.05
"10" 112 0.975064422341721 0.000142078042015716 1.57865658362754e-05 6.49782557736147 3.78424429781088e-06 0.05
"11" 132 0.975053515683866 0.000143713371366776 1.17794964457065e-05 6.64826738055965 -9.93667690463163e-07 0.05
"12" 152 0.975066242598684 0.000147324866500845 1.79824669081699e-05 6.9866057162823 -1.10689874588399e-06 0.05
"13" 172 0.975034974338412 0.000148985360527352 1.84844279823094e-05 7.14498489305495 1.28612108962756e-07 0.05
"14" 192 0.975033862920673 0.00012494649930964 1.40619660603646e-05 5.02530364060728 -4.73873525641544e-06 0.05
"15" 212 0.975056710049221 0.00013364223455729 1.91852565615256e-05 5.74912272690101 6.86125024607076e-06 0.05
"16" 232 0.975060972085386 0.000126761133362103 1.92854097656735e-05 5.17233147615757 -2.07708951149854e-06 0.05
"1" 1 0.95019375064 3.85918988519615e-05 0 0 0 0.1
"2" 2 0.95019375064 5.69686867037303e-05 7.94857397236489e-07 1.0105315991568 8.53335599959593e-08 0.1
"3" 4 0.95019375064 7.33062319566432e-05 1.42016898886035e-06 1.67324399952307 4.66761460038434e-07 0.1
"4" 8 0.95019375064 9.78187847474469e-05 2.6417847099165e-06 2.97935331902121 4.99689874000619e-06 0.1
"5" 16 0.95019158193109 0.000120943479719681 4.94545193231397e-06 4.55451778440585 -7.28629304880268e-06 0.1
"6" 32 0.95019158193109 0.000138151911933014 8.34986700248374e-06 5.94280229049625 -1.80708810093577e-06 0.1
"7" 52 0.95019158193109 0.000142363078431559 9.93503865235112e-06 6.310622823819 -1.04408163059677e-06 0.1
"8" 72 0.950189865277778 0.000143174282052175 1.51509017829189e-05 6.38274524598952 -6.35235565615844e-06 0.1
"9" 92 0.950189865277778 0.000145987646304094 1.54625982795434e-05 6.63605071109027 -2.36773953221636e-07 0.1
"10" 112 0.950216333137175 0.000157458482014684 2.17841217571535e-05 7.7198631800502 7.5434989854628e-07 0.1
"11" 132 0.950215830692056 0.000159125273174166 2.11754123063497e-05 7.88416686256357 -1.17189783578331e-05 0.1
"12" 152 0.950212372347862 0.000160350238777308 2.55297633667835e-05 8.00602062729761 1.28470386506763e-06 0.1
"13" 172 0.950190586547714 0.000130100941374117 1.55935756208852e-05 5.27033669285929 8.65124332394274e-06 0.1
"14" 192 0.95019158193109 0.000128161201973072 1.74468644175417e-05 5.11435212961161 1.08094703532569e-06 0.1
"15" 212 0.950212899036095 0.000153554848342672 2.33519387657765e-05 7.34183381049689 4.58125143565358e-06 0.1
"16" 232 0.950212404433498 0.000169509553134514 2.76230277245907e-05 8.94676109878155 -5.34129217977242e-06 0.1
"1" 1 0.9004250793 4.06581903230022e-05 0 0 0 0.2
"2" 2 0.9004250793 5.3984206911634e-05 8.52486506720193e-07 0.856014276057218 -5.53573960004883e-07 0.2
"3" 4 0.9004250793 7.74912181945222e-05 1.68353565126035e-06 1.76381297534976 1.59322012005525e-06 0.2
"4" 8 0.9004250793 0.000101843478053755 3.37285336496342e-06 3.04658992542168 7.26777340087637e-07 0.2
"5" 16 0.900425542928686 0.00012651611671086 5.96011178137818e-06 4.70153055659252 4.75072313710356e-06 0.2
"6" 32 0.900425542928686 0.000147935116888108 8.71457443693041e-06 6.42821087318423 2.5237877804285e-06 0.2
"7" 52 0.900425542928686 0.000146430782847601 1.037672327081e-05 6.29814021491152 1.0396864583706e-06 0.2
"8" 72 0.900430793619163 0.000148828354578628 1.28705112579931e-05 6.50607278073847 -6.35455768915882e-06 0.2
"9" 92 0.900430793619163 0.00016628065172587 1.79763177370659e-05 8.12140171219378 3.91403719812722e-06 0.2
"10" 112 0.900448389671266 0.000171252509392857 1.86797318311546e-05 8.61432880692619 8.28377615669229e-06 0.2
"11" 132 0.900460960176085 0.000135878351651027 1.56635661771327e-05 5.42310603709123 -8.32154033569843e-07 0.2
"12" 152 0.900465615213816 0.000160030548333596 1.90013716871415e-05 7.52234665500118 4.9454740957966e-07 0.2
"13" 172 0.900427691619888 0.000145739983038982 2.12859184494364e-05 6.23885634791943 -3.29741253002336e-06 0.2
"14" 192 0.900425542928686 0.000168392663222315 2.02809280336398e-05 8.32901967243863 9.06741360184871e-06 0.2
"15" 212 0.900462101168991 0.00017442629239722 2.06885045661328e-05 8.93658222665237 2.20917739879312e-07 0.2
"16" 232 0.90046454566913 0.000179174554278067 2.69365359616792e-05 9.42975093925183 1.4052024630562e-06 0.2
"1" 1 0.85151456502 3.77896519883726e-05 0 0 0 0.3
"2" 2 0.85151456502 5.11977603161875e-05 7.03673840763999e-07 0.912575265547891 -1.44475779995101e-06 0.3
"3" 4 0.85151456502 6.99684212364914e-05 1.35601258413979e-06 1.7043976118488 -2.89655176000103e-06 0.3
"4" 8 0.85151456502 9.30140781809017e-05 2.78598890529253e-06 3.01206361824161 2.07095474002994e-06 0.3
"5" 16 0.851518069511218 0.000113738764262454 4.61985080130302e-06 4.50384855543292 2.46250402646808e-06 0.3
"6" 32 0.851518069511218 0.000131303259878095 7.62130056343405e-06 6.00230119833812 3.3197417859121e-07 0.3
"7" 52 0.851518069511218 0.000128799351851827 8.93892024794605e-06 5.77556030515619 3.31032163469747e-06 0.3
"8" 72 0.85151619931562 0.000118739103555996 7.76973466851975e-06 4.90856220845846 5.18965988327569e-06 0.3
"9" 92 0.85151619931562 0.000135937626480401 1.42552951970585e-05 6.43348263677951 5.0203534618376e-07 0.3
"10" 112 0.851521640036526 0.000162167198179217 1.41194620149159e-05 9.15572615079966 -3.97756672076977e-06 0.3
"11" 132 0.851504242977068 0.000139379416540869 1.31865554346892e-05 6.76338409885378 -9.60029531127393e-06 0.3
"12" 152 0.851508599383224 0.000132376958258777 1.66719343668181e-05 6.10086708095138 -8.25116591274266e-07 0.3
"13" 172 0.851518436647955 0.000135027232806178 1.41506463916355e-05 6.34759928780062 -7.12790697687815e-07 0.3
"14" 192 0.851518069511218 0.000142524862998874 2.03871960028439e-05 7.07209412435145 -6.76820993583682e-07 0.3
"15" 212 0.851508171575062 0.000113803525096284 1.30882364263891e-05 4.50897883843707 8.74080865465032e-07 0.3
"16" 232 0.851510189963054 0.000124065729449027 1.81264468677358e-05 5.3588356074596 -2.54553197864826e-06 0.3
"1" 1 0.80290736948 3.77308657438112e-05 0 0 0 0.4
"2" 2 0.80290736948 5.29690030808963e-05 7.86673492085346e-07 0.949916446590995 -1.5769829400103e-06 0.4
"3" 4 0.80290736948 7.3124174342832e-05 1.47776508726002e-06 1.81035505644912 -1.86300544002815e-06 0.4
"4" 8 0.80290736948 9.59179256536143e-05 2.85159448229846e-06 3.11488031796466 -4.49031937999056e-06 0.4
"5" 16 0.802906253365385 0.000116572447705165 4.73234966221135e-06 4.60080301989895 1.20716183893421e-06 0.4
"6" 32 0.802906253365385 0.000132930367614871 6.45980735803804e-06 5.98260349114083 -7.59898778046608e-06 0.4
"7" 52 0.802906253365385 0.000135593544457572 9.2403259461469e-06 6.2247202101499 1.0380889222672e-06 0.4
"8" 72 0.802906495752818 0.00013747702703079 1.41829070730414e-05 6.39885210023354 4.0109044887604e-06 0.4
"9" 92 0.802906495752818 0.000138841949565544 1.33069821197806e-05 6.52654316965472 3.59983289044408e-06 0.4
"10" 112 0.802929704788961 0.000141821515004673 1.587175283068e-05 6.80966973374663 2.97754470379719e-06 0.4
"11" 132 0.802931835585586 0.00014255317630243 1.35935587484157e-05 6.88011354327192 5.54783603601283e-06 0.4
"12" 152 0.802942956661184 0.000131304063701643 1.85621774010695e-05 5.83711356492394 3.43593453944191e-06 0.4
"13" 172 0.802902749117883 0.000137926083869622 1.93526675828846e-05 6.44072296831715 -4.90249190054914e-06 0.4
"14" 192 0.802906253365385 0.00012732825620068 1.81864325450229e-05 5.48897674921748 1.88193078920484e-06 0.4
"15" 212 0.80293466819114 0.000109628029283457 1.29019656853045e-05 4.06897501159261 8.02349308859363e-06 0.4
"16" 232 0.802936699733169 0.000130551152990412 1.9054227498255e-05 5.77036429583235 6.46123768932583e-08 0.4
"1" 1 0.70503465554 3.80999535905767e-05 0 0 0 0.6
"2" 2 0.70503465554 5.36281089684762e-05 7.41833797160759e-07 0.938530707579455 4.63700200015182e-07 0.6
"3" 4 0.70503465554 7.18504268707102e-05 1.42915707468177e-06 1.68469864196236 3.18219303996337e-06 0.6
"4" 8 0.70503465554 9.46833455925963e-05 2.61885683068718e-06 2.92557146029627 4.93313114002802e-06 0.6
"5" 16 0.705031249379006 0.000129789416851206 4.7919381664723e-06 5.49720689714692 9.9967483968566e-07 0.6
"6" 32 0.705031249379006 0.000156713374090297 7.55936200336678e-06 8.01448541462725 5.37532548072761e-06 0.6
"7" 52 0.705031249379006 0.000162895475285202 1.09034204939175e-05 8.65927561121833 3.43448657846857e-06 0.6
"8" 72 0.705021794202899 0.000176943958800846 1.46685749677442e-05 10.2172730468643 -3.8132992753459e-06 0.6
"9" 92 0.705021794202899 0.000182885079306369 1.70686458019504e-05 10.914907772018 -2.12378629227405e-06 0.6
"10" 112 0.705028111607143 0.000191505508468301 1.96429409900962e-05 11.9681234852262 3.1174806006673e-06 0.6
"11" 132 0.705005021294021 0.000186816317583384 2.13464630178231e-05 11.3891977847681 2.24820501637524e-06 0.6
"12" 152 0.705006559950658 0.000198925420001285 2.2189238031356e-05 12.9135035960042 -4.67373725387965e-07 0.6
"13" 172 0.70503008468324 0.000200400764287073 2.67293216229773e-05 13.1057617144436 -4.98378498392515e-06 0.6
"14" 192 0.705031249379006 0.000215297267371701 2.82313677766578e-05 15.1265732830495 -1.07368762019e-05 0.6
"15" 212 0.705003145406071 0.000230725398051725 2.89090184183624e-05 17.372180306497 -8.10592493849516e-06 0.6
"16" 232 0.705004229392447 0.000258254897688339 3.79480792456713e-05 21.7650993243258 -1.94444839896057e-06 0.6
"1" 1 0.59797697154 4.26440400374165e-05 0 0 0 0.8
"2" 2 0.59797697154 6.03597087041722e-05 8.66759327478897e-07 0.948238781639791 -1.24909164000986e-06 0.8
"3" 4 0.59797697154 8.51352837499488e-05 1.65654408170545e-06 1.88643835828201 5.70972217994736e-06 0.8
"4" 8 0.59797697154 0.000107302781800814 3.29700266276702e-06 2.99671474791881 -3.28571634000685e-06 0.8
"5" 16 0.5979722546875 0.000151402925632591 5.75397321415667e-06 5.96611990802016 -1.41039048473512e-06 0.8
"6" 32 0.5979722546875 0.000177520863322698 1.16345045338298e-05 8.20204684860945 9.71560170281993e-06 0.8
"7" 52 0.5979722546875 0.000215185932746679 1.62881661810598e-05 12.0517800478932 7.77939342955225e-06 0.8
"8" 72 0.597982865036232 0.00023797585486882 2.22382830260902e-05 14.7397200181812 -2.28355110709622e-06 0.8
"9" 92 0.597982865036232 0.00026538932293875 2.69232804118917e-05 18.3311763705873 2.08787103461727e-06 0.8
"10" 112 0.597963151521916 0.000272900287192737 2.33174314920615e-05 19.3834656245439 2.25188216111949e-05 0.8
"11" 132 0.597933795966421 0.000253187655167882 2.40578429188225e-05 16.6843194416395 -2.57625290744912e-06 0.8
"12" 152 0.59793916147204 0.00027619988896558 3.1125221610196e-05 19.8550251850724 -1.59146248355224e-05 0.8
"13" 172 0.597973469807538 0.000299351740657856 3.54817451443797e-05 23.323139967353 1.91299141137913e-05 0.8
"14" 192 0.5979722546875 0.000294273965478784 4.11807351296309e-05 22.5386098677926 -9.83038501600753e-06 0.8
"15" 212 0.59793150769073 0.000309243916719735 4.29483570223509e-05 24.890050246075 1.95408695657928e-06 0.8
"16" 232 0.597933230890805 0.000284131445284043 3.85386575684501e-05 21.0117412428298 2.07913924465952e-06 0.8
"1" 1 0.4144985731 6.63289845859904e-05 0 0 0 1
"2" 2 0.4144985731 9.32332999708768e-05 1.17013493363198e-06 0.999547872197331 -4.09245679999781e-06 1
"3" 4 0.4144985731 0.000126876335875911 2.31579736445255e-06 1.85106957407849 -4.07231240007189e-07 1
"4" 8 0.4144985731 0.000174045933111062 4.42943338602088e-06 3.4832868950935 -4.93191321998543e-06 1
"5" 16 0.414488572035256 0.000240082249347396 8.83663371989626e-06 6.62798610428987 -3.46494198716352e-06 1
"6" 32 0.414488572035256 0.000334732361524901 1.69438561530694e-05 12.8841831406361 8.65769048474796e-06 1
"7" 52 0.414488572035256 0.000408110848890266 2.72775769991963e-05 19.1521602197591 5.06981045672594e-06 1
"8" 72 0.414473506763285 0.000489767203799598 3.66347929824649e-05 27.5829610936574 -6.32807816020042e-06 1
"9" 92 0.414473506763285 0.000514166904466038 4.45799717034154e-05 30.3997298471548 -4.91442856276336e-06 1
"10" 112 0.414455726663961 0.000557459437799437 5.34124128362027e-05 35.7345264656345 -6.76020336853878e-06 1
"11" 132 0.41444143951679 0.000612904513133218 6.72282538159567e-05 43.19635732986 3.87047659705653e-06 1
"12" 152 0.414449334786184 0.000623366114403142 7.44510778886158e-05 44.6835704254514 -2.11067502053908e-06 1
"13" 172 0.414483486407378 0.000670917377052263 8.51649680324638e-05 51.7606316332435 -6.87256150760929e-06 1
"14" 192 0.414488572035256 0.000704950047671761 8.56913676305519e-05 57.1449918325881 -1.27873713341442e-05 1
"15" 212 0.414443643006563 0.000719219363177612 0.000114815800011691 59.4818173193518 1.09538376743545e-05 1
"16" 232 0.414444766399836 0.000753972776056438 0.000103946590067492 65.3691467694969 1.99963829433658e-05 1
"1" 1 0.18742098944 2.21487543246356e-05 0 0 0 1.5
"2" 2 0.18742098944 2.88573461252495e-05 4.17969446177921e-07 0.869353286027585 9.9502897998871e-07 1.5
"3" 4 0.18742098944 3.69980535610093e-05 7.62952021159721e-07 1.42902977063249 -7.43687060017484e-07 1.5
"4" 8 0.18742098944 4.85446816626366e-05 1.36991621586236e-06 2.46017974113453 1.35393646000237e-06 1.5
"5" 16 0.187424625440705 5.38411941115359e-05 2.15762630833501e-06 3.02630635237307 -6.55061197923912e-07 1.5
"6" 32 0.187424625440705 6.15255935695509e-05 3.48554899057479e-06 3.95180173363856 1.10862457933236e-06 1.5
"7" 52 0.187424625440705 6.01073297561859e-05 3.80413805904033e-06 3.77171086628826 2.02550506811505e-06 1.5
"8" 72 0.187422972121578 6.36965790338108e-05 5.60729472455581e-06 4.23560779921765 -7.44518015294293e-07 1.5
"9" 92 0.187422972121578 6.82016290656626e-05 5.99474656880584e-06 4.85593673099901 -1.31166302333452e-06 1.5
"10" 112 0.187413117431006 7.05542677243529e-05 6.83628862822323e-06 5.19672936611598 2.38868563312566e-06 1.5
"11" 132 0.187406763677314 6.99190488234205e-05 6.22094767222201e-06 5.10357552419845 2.88364946754438e-07 1.5
"12" 152 0.18739956535773 6.72905249028041e-05 7.5494665138665e-06 4.72706261455118 -1.04378301810093e-06 1.5
"13" 172 0.187424496772253 7.04540273877566e-05 8.72553288445583e-06 5.18197329631547 9.47693504393943e-07 1.5
"14" 192 0.187424625440705 6.86479548527664e-05 9.44769056323546e-06 4.91970123469388 -4.75175160274954e-07 1.5
"15" 212 0.187402262120591 7.39393931615912e-05 7.52544316801793e-06 5.70736025643734 1.67134520098755e-06 1.5
"16" 232 0.187400690989327 6.50178857962458e-05 6.94798638844364e-06 4.41315528876431 1.46820993432439e-06 1.5
"1" 1 0.13515264284 1.57037840134274e-05 0 0 0 2
"2" 2 0.13515264284 2.04104066952716e-05 2.74309141895193e-07 0.815939892038165 -1.49696819995437e-07 2
"3" 4 0.13515264284 2.60771809731965e-05 5.01722376090297e-07 1.33191383974477 -6.1271585999334e-07 2
"4" 8 0.13515264284 3.01962988480646e-05 8.37545107903901e-07 1.78592114562817 1.04190346000843e-06 2
"5" 16 0.13515319385016 3.45008294544129e-05 1.32240779158971e-06 2.33138459430271 -8.31567447928672e-07 2
"6" 32 0.13515319385016 3.53016998116236e-05 1.6503126320555e-06 2.44087806657916 -2.73446233989283e-07 2
"7" 52 0.13515319385016 3.22453986359826e-05 2.07539930191199e-06 2.03652783479683 -8.43343689910236e-07 2
"8" 72 0.135150107447665 3.6751968913254e-05 2.76019545256637e-06 2.64555058927336 7.53033433997796e-07 2
"9" 92 0.135150107447665 3.75845609715982e-05 3.27433957997793e-06 2.76677480905971 9.86565801136541e-07 2
"10" 112 0.135154524553571 3.55766833476864e-05 3.57509342045719e-06 2.47905274120511 1.48950799513936e-06 2
"11" 132 0.13515437027027 3.63165580975824e-05 3.55213277738106e-06 2.58323676360498 -6.24430794432529e-07 2
"12" 152 0.135157535855263 4.30975777990173e-05 5.31282429672154e-06 3.63798223787934 8.25093503298291e-07 2
"13" 172 0.135153622574178 4.24361613720866e-05 6.32283913923701e-06 3.52717521553188 -1.68135190456442e-06 2
"14" 192 0.13515319385016 3.78887752328835e-05 6.82552568290953e-06 2.81174533503198 2.81644631228151e-08 2
"15" 212 0.135156935582445 3.68941213047227e-05 6.99514420968305e-06 2.6660555393222 -1.08878178695093e-09 2
"16" 232 0.135157666461412 4.1661865120687e-05 5.52839682676713e-06 3.39963480491904 -4.96473932798391e-08 2
"1" 1 0.10604095966 1.18843143767173e-05 0 0 0 2.5
"2" 2 0.10604095966 1.56727307297557e-05 2.27184816241722e-07 0.83394427367609 -3.3696550000295e-07 2.5
"3" 4 0.10604095966 1.94623525009598e-05 4.06403642068076e-07 1.28599226111652 -1.06715399988966e-08 2.5
"4" 8 0.10604095966 2.09453128799495e-05 6.24613901727512e-07 1.48943443772986 -8.21695079991636e-07 2.5
"5" 16 0.10604227822516 2.44996709811886e-05 9.65353596212564e-07 2.03783112290489 3.64724318913101e-07 2.5
"6" 32 0.10604227822516 2.43209512484426e-05 1.85253263610547e-06 2.00820850046017 -1.04169689503497e-06 2.5
"7" 52 0.10604227822516 2.57135326819097e-05 2.11784955014939e-06 2.24476653983705 -4.56861939099329e-07 2.5
"8" 72 0.106041501771337 2.53106679474808e-05 2.83127744971503e-06 2.17497815480698 4.15413184393087e-07 2.5
"9" 92 0.106041501771337 2.57819225783733e-05 3.44040935340024e-06 2.25672316281078 5.29518498396109e-07 2.5
"10" 112 0.106044348904221 2.94530331347991e-05 3.730553056002e-06 2.94515216874062 -2.43213802759989e-06 2.5
"11" 132 0.106045464414414 2.59446656168448e-05 3.89648394536936e-06 2.28530327576074 -1.12755640868656e-06 2.5
"12" 152 0.106043967763158 2.46112681463114e-05 2.9059285896329e-06 2.05643823989297 1.40860423519795e-07 2.5
"13" 172 0.106041937389735 2.16532125843083e-05 3.33563640031862e-06 1.59181416870383 1.49229797515027e-06 2.5
"14" 192 0.10604227822516 2.46971782686887e-05 2.81875298257613e-06 2.07082004315858 1.74117467943713e-07 2.5
"15" 212 0.106046430701395 2.15406899049193e-05 3.89369860110403e-06 1.57531317132805 -1.10405730106844e-06 2.5
"16" 232 0.106045310324302 2.29681364007561e-05 2.7421636464259e-06 1.79101492084667 2.19391153521986e-07 2.5
"1" 1 0.088985721784 9.97314353487193e-06 0 0 0 3
"2" 2 0.088985721784 1.2518105642808e-05 1.72893268406131e-07 0.802676553019303 3.10241293988156e-07 3
"3" 4 0.088985721784 1.52238041890816e-05 2.87600927951506e-07 1.18716130090572 -5.59690200019336e-08 3
"4" 8 0.088985721784 1.71324297666391e-05 4.97303491010003e-07 1.50349252274625 -5.20409082008233e-07 3
"5" 16 0.0889843956790865 1.85757225337093e-05 6.88785545120897e-07 1.76748111856447 8.84587624205846e-07 3
"6" 32 0.0889843956790865 1.77190458393343e-05 1.06140000915013e-06 1.60821465616295 2.64115040074508e-07 3
"7" 52 0.0889843956790865 1.92627355628415e-05 1.41907497847985e-06 1.90063743009411 -1.12519360175034e-06 3
"8" 72 0.0889844727717391 1.80047095065788e-05 1.54118824079235e-06 1.66048742031951 -2.07006298311163e-07 3
"9" 92 0.0889844727717391 1.82159318738825e-05 1.47222348224693e-06 1.69967598834792 1.10624625598854e-07 3
"10" 112 0.0889837011018669 2.05154223810194e-05 1.9646908897175e-06 2.15587848307408 -9.14789368908209e-07 3
"11" 132 0.0889838540909091 1.98243878645136e-05 1.90274669894101e-06 2.01308876246367 -8.56835681822821e-07 3
"12" 152 0.0889821802261513 1.81894718807129e-05 1.80641559479416e-06 1.69474176354498 8.8578713815235e-07 3
"13" 172 0.0889848252085004 1.97791650976872e-05 2.23001349198244e-06 2.00391484915467 -7.43655914209329e-08 3
"14" 192 0.0889843956790865 1.8384850103789e-05 2.34844190245114e-06 1.7313446885229 9.13342592140376e-07 3
"15" 212 0.0889821779675964 1.69948372662568e-05 2.01839840480729e-06 1.4794400558345 -3.60231531992827e-07 3
"16" 232 0.0889822684482759 2.0706050251539e-05 2.78119159309066e-06 2.19612916583847 3.76224876807996e-08 3
"1" 1 0.0759120716 8.94850928435559e-06 0 0 0 3.5
"2" 2 0.0759120716 1.11811537004575e-05 1.55630352489431e-07 0.82812323178791 2.46846518003885e-07 3.5
"3" 4 0.0759120716 1.3278846465147e-05 2.6836217477822e-07 1.16799889590796 1.74702474001198e-07 3.5
"4" 8 0.0759120716 1.47217949678737e-05 3.86391626940431e-07 1.43563244011026 -4.18425771989139e-07 3.5
"5" 16 0.0759124179447115 1.59059995924534e-05 5.9426762162754e-07 1.67588289101787 -2.12106726765748e-07 3.5
"6" 32 0.0759124179447115 1.61912753816678e-05 7.98314314621322e-07 1.73653624365391 2.86512335745392e-07 3.5
"7" 52 0.0759124179447115 1.75341378169869e-05 1.13876301290647e-06 2.03652884078026 9.22897149438495e-07 3.5
"8" 72 0.075912157020934 1.623686915552e-05 1.45350779249572e-06 1.74633000178011 8.51225964160207e-07 3.5
"9" 92 0.075912157020934 1.49553171576577e-05 1.30566129030231e-06 1.48153865923032 2.07304096208616e-07 3.5
"10" 112 0.07591465328125 1.5589903539354e-05 1.64579229560931e-06 1.60993591703096 7.10863689121211e-07 3.5
"11" 132 0.0759128954914005 1.89389944551984e-05 2.07769880396361e-06 2.37594053602715 -5.22818224810151e-07 3.5
"12" 152 0.0759137122574013 1.43735637915943e-05 1.64655785653025e-06 1.3685184437879 3.49012023032058e-07 3.5
"13" 172 0.0759120980232558 1.43832169666559e-05 1.69641638302382e-06 1.37035723399412 -7.88833819168056e-07 3.5
"14" 192 0.0759124179447115 1.49568626018037e-05 2.15844091983878e-06 1.4818448718671 -3.20050540791872e-08 3.5
"15" 212 0.0759133694708778 1.30947439459698e-05 1.14380285243252e-06 1.13583632758767 -1.62055660418714e-08 3.5
"16" 232 0.075913479841954 1.57387050924198e-05 1.64121097712423e-06 1.6408154202388 -8.73366231515793e-07 3.5
"1" 1 0.066261533492 7.59251036985726e-06 0 0 0 4
"2" 2 0.066261533492 9.6869417583387e-06 1.3836687075761e-07 0.812667455477756 -4.48334558006414e-07 4
"3" 4 0.066261533492 1.18114031945195e-05 2.40228574698516e-07 1.20821015214749 -2.51588416003146e-07 4
"4" 8 0.066261533492 1.31498051186014e-05 3.94821541031182e-07 1.49753894022793 3.45489017991585e-07 4
"5" 16 0.0662618479126603 1.40387081177531e-05 5.54953603937483e-07 1.70684380468864 -4.26752397836294e-07 4
"6" 32 0.0662618479126603 1.31396272120983e-05 9.38700900415179e-07 1.49522165679676 3.68615492782332e-07 4
"7" 52 0.0662618479126603 1.34462325555973e-05 9.31739505802489e-07 1.56581600292909 3.39423075756962e-09 4
"8" 72 0.0662615759842995 1.28044580115914e-05 1.00581181130119e-06 1.41991351066953 3.45578745980513e-07 4
"9" 92 0.0662615759842995 1.44032978879106e-05 1.20247941191322e-06 1.79664956489889 -4.66533134055314e-07 4
"10" 112 0.066259757554789 1.30752120568728e-05 1.22993240793842e-06 1.48059736823411 -1.02239291800699e-06 4
"11" 132 0.0662616365520066 1.33559621828845e-05 1.37238745425237e-06 1.54486257489181 -2.6208449836751e-07 4
"12" 152 0.0662616874650493 1.12879865572882e-05 1.21478963010302e-06 1.10350030622528 5.96405316619086e-07 4
"13" 172 0.0662619840797915 1.39484271740555e-05 1.28268710010921e-06 1.68496145125938 -1.83679510823431e-07 4
"14" 192 0.0662618479126603 1.13574438741454e-05 1.18320346457665e-06 1.11712221831811 -8.9956177881656e-08 4
"15" 212 0.0662612452009844 1.34733017812108e-05 1.23793364158502e-06 1.57212678038998 4.47902194500305e-08 4
"16" 232 0.0662611947844828 1.41695161923848e-05 2.62535907273148e-06 1.73879961192021 1.47650619869433e-07 4
"1" 1 0.058822108356 6.60803057340874e-06 0 0 0 4.5
"2" 2 0.058822108356 8.48304542792675e-06 1.21632547276112e-07 0.795800652602811 4.56077125995935e-07 4.5
"3" 4 0.058822108356 1.03554687041318e-05 2.06654827501684e-07 1.18587858506126 -3.31631404004717e-07 4.5
"4" 8 0.058822108356 1.13599471925822e-05 3.43133162148269e-07 1.42709646573647 5.42034039999195e-07 4.5
"5" 16 0.0588220555588942 1.32500548790971e-05 5.57395620184933e-07 1.94149403066755 -9.64053245219865e-08 4.5
"6" 32 0.0588220555588942 1.44345960169004e-05 7.74576486923611e-07 2.30414588697706 7.36261358130763e-08 4.5
"7" 52 0.0588220555588942 1.39375391989376e-05 9.68431637621955e-07 2.14819108136374 1.66078415464455e-07 4.5
"8" 72 0.0588200679609501 1.56065741330068e-05 1.27826869615615e-06 2.69349308443584 4.01781461364936e-08 4.5
"9" 92 0.0588200679609501 1.33973156499147e-05 1.4037364860524e-06 1.98488927477582 -4.74708337361296e-07 4.5
"10" 112 0.0588214613676948 1.38662772277957e-05 1.15863516739877e-06 2.1262800435201 1.03692398535637e-07 4.5
"11" 132 0.0588238952067977 1.58875899107705e-05 1.53367249297556e-06 2.79136576770226 8.16607622848575e-07 4.5
"12" 152 0.0588249984416118 1.16600730940479e-05 1.3778571015267e-06 1.50349937309101 -1.86093634869933e-07 4.5
"13" 172 0.0588221125481155 1.42167957909861e-05 2.09194834207761e-06 2.2351370425477 -6.76999769445852e-07 4.5
"14" 192 0.0588220555588942 1.43186265506872e-05 1.5485097345893e-06 2.26727098370492 -5.83241141827173e-07 4.5
"15" 212 0.0588249405598852 1.28659638191393e-05 2.45904278283476e-06 1.83056585385073 2.00134837979871e-07 4.5
"16" 232 0.0588251990127258 1.27941446836332e-05 1.69221494870243e-06 1.81018607968558 2.32540925695912e-07 4.5
"1" 1 0.05290499624 5.67547976002457e-06 0 0 0 5
"2" 2 0.05290499624 7.12725480263187e-06 1.04028472845916e-07 0.733098018534323 -3.39934387999508e-07 5
"3" 4 0.05290499624 8.54181565676432e-06 1.75848381269963e-07 1.05297452482673 -1.71151485997556e-07 5
"4" 8 0.05290499624 1.00357578914152e-05 2.52457040453943e-07 1.45350933809112 -1.37389261994914e-07 5
"5" 16 0.0529056620192308 1.06499406128447e-05 4.15937680753644e-07 1.63686117277235 -6.43756858972888e-07 5
"6" 32 0.0529056620192308 9.76480109722203e-06 5.94560658877213e-07 1.37608188542269 -3.45698285254825e-07 5
"7" 52 0.0529056620192308 9.81194087544084e-06 7.67960785851963e-07 1.38940008218167 -2.05963639823836e-07 5
"8" 72 0.052905677465781 1.06139185202751e-05 8.60430647602501e-07 1.62580694269486 -4.66294009668355e-07 5
"9" 92 0.052905677465781 9.33232061978056e-06 8.98446450178711e-07 1.25688857029792 -5.31368820451406e-07 5
"10" 112 0.0529071434151786 1.03099088905613e-05 1.01127853312304e-06 1.5340062528879 -8.082558177816e-07 5
"11" 132 0.0529071912469287 1.11629006153454e-05 1.49038163669553e-06 1.79833911859838 -1.47831242830465e-07 5
"12" 152 0.0529059103268914 1.01103231616742e-05 1.57953652016953e-06 1.4751886077922 1.12291490536598e-07 5
"13" 172 0.0529060112309543 9.89446978325063e-06 1.28368790851958e-06 1.41287105559432 2.25407213318152e-07 5
"14" 192 0.0529056620192308 1.00331723399568e-05 1.59039641529977e-06 1.45276048800533 -4.17711458332304e-07 5
"15" 212 0.0529064857895816 1.21514850453738e-05 1.74017052387497e-06 2.13096437121639 -1.80974938437939e-08 5
"16" 232 0.052906432955665 7.90683352786277e-06 1.12787483757955e-06 0.902241221879497 2.3242101190174e-07 5
"1" 1 0.048086575562 5.42404845331389e-06 0 0 0 5.5
"2" 2 0.048086575562 7.02468602175325e-06 9.00507914778048e-08 0.861548130208723 -2.23715071995256e-07 5.5
"3" 4 0.048086575562 8.0498315763813e-06 1.54449499925307e-07 1.13135603220871 8.85641980030716e-08 5.5
"4" 8 0.048086575562 8.61768817553091e-06 2.51454268700849e-07 1.29660370982075 5.04946321998323e-07 5.5
"5" 16 0.0480866651121795 9.91238210768713e-06 3.80461865359673e-07 1.71546467408745 2.57678621794211e-07 5.5
"6" 32 0.0480866651121795 9.61310514038032e-06 5.19890263598154e-07 1.61344101778626 -3.42990356567985e-07 5.5
"7" 52 0.0480866651121795 1.07286739171872e-05 7.94056562853668e-07 2.00963784414572 5.48988181303667e-09 5.5
"8" 72 0.0480865284138486 9.94485965556502e-06 8.73155793149602e-07 1.72672440117122 -2.58189200887105e-07 5.5
"9" 92 0.0480865284138486 1.00546142741672e-05 8.69513686075237e-07 1.76504807065247 8.16190237548642e-08 5.5
"10" 112 0.048086944200487 9.3679826719214e-06 8.09311687759396e-07 1.53220849728421 2.12814529262917e-08 5.5
"11" 132 0.0480873139189189 9.75757741630289e-06 1.02195908878497e-06 1.66230120734067 2.04391812037852e-07 5.5
"12" 152 0.0480874777754934 1.08112523010285e-05 1.16438420640393e-06 2.04069318493082 -1.37723098272979e-07 5.5
"13" 172 0.0480866228348035 8.93055485498694e-06 1.21636398360211e-06 1.39245956858956 1.13430519248225e-07 5.5
"14" 192 0.0480866651121795 8.64061259813676e-06 1.31166237465997e-06 1.30351122978011 4.44718623801577e-07 5.5
"15" 212 0.0480875699343724 8.5870613147913e-06 1.12613448571833e-06 1.28740394879324 -6.41820857225084e-08 5.5
"16" 232 0.0480872984010673 1.04413340872684e-05 1.31846987012666e-06 1.90343343146193 -3.71897321424508e-07 5.5
"1" 1 0.24874146042 2.99966028216598e-05 0 0 0 1.2
"2" 2 0.24874146042 4.12787799028803e-05 5.90679665670703e-07 0.935349391176518 1.76923374001214e-06 1.2
"3" 4 0.24874146042 5.55634645914651e-05 1.14505020426642e-06 1.69472329525201 -1.61994833999812e-06 1.2
"4" 8 0.24874146042 6.70349030597116e-05 1.98280871056879e-06 2.46673294936092 -9.5628719998242e-08 1.2
"5" 16 0.24873937041266 8.77695193301954e-05 3.49654218969794e-06 4.22870708598395 2.69084613380155e-06 1.2
"6" 32 0.24873937041266 9.9856619130631e-05 4.60437255328537e-06 5.47361036832558 -1.6742447716267e-06 1.2
"7" 52 0.24873937041266 0.000116975115358096 6.93907424061312e-06 7.51116198263618 -4.27491366195021e-07 1.2
"8" 72 0.248740931280193 0.000109665720910123 9.00970153102677e-06 6.60179385918222 -2.78764184782898e-06 1.2
"9" 92 0.248740931280193 0.000118021965716069 1.15175727044075e-05 7.6462034776736 1.65709422300653e-06 1.2
"10" 112 0.248742116254058 0.000132802388076006 1.55933483421701e-05 9.68126109710043 -5.64247043427502e-06 1.2
"11" 132 0.24874066509009 0.000125880816413614 1.37031117715444e-05 8.69839780466742 -4.38619975429155e-06 1.2
"12" 152 0.248732994819079 0.00012650823078216 1.44424361134638e-05 8.78532289047079 8.72319305095237e-07 1.2
"13" 172 0.248738774619086 0.000120130802668944 1.58733678046593e-05 7.92189207321836 -1.0532231154714e-06 1.2
"14" 192 0.24873937041266 0.000126616976574359 1.53342465470288e-05 8.8004330142255 -3.44039677482866e-06 1.2
"15" 212 0.24873720162018 0.000135613211762352 1.62361708754947e-05 10.0954147734531 -1.05477050656166e-05 1.2
"16" 232 0.248735430541872 0.000128452635896447 1.72103895250423e-05 9.05745541154418 -2.15537859196702e-06 1.2
"1" 1 0.20400708288 2.41893849675328e-05 0 0 0 1.4
"2" 2 0.20400708288 3.1813125387049e-05 4.44002033261291e-07 0.88539623040834 -3.71714100000364e-07 1.4
"3" 4 0.20400708288 4.13608728352151e-05 7.7890397402915e-07 1.496595325421 -8.78188859992912e-07 1.4
"4" 8 0.20400708288 5.13485916276505e-05 1.29431729578864e-06 2.30665194026546 -2.3434659990329e-08 1.4
"5" 16 0.204006799018429 5.90327393507485e-05 2.11301217421133e-06 3.04867316169111 6.53882792467364e-07 1.4
"6" 32 0.204006799018429 6.29840277500133e-05 3.28180503965398e-06 3.47045049592551 -8.74629006442085e-08 1.4
"7" 52 0.204006799018429 6.44349009715805e-05 3.65248708951742e-06 3.63217968493105 -4.5400116185923e-07 1.4
"8" 72 0.204004286876006 6.43625274907685e-05 4.12437600062595e-06 3.62402491623852 -2.38778158212494e-06 1.4
"9" 92 0.204004286876006 6.50090367178576e-05 4.94106913998666e-06 3.6971958422048 -4.31830495167818e-07 1.4
"10" 112 0.204014073356331 5.79186981077016e-05 4.66693707742024e-06 2.93469232843017 9.26430925335398e-07 1.4
"11" 132 0.204007581347256 5.678550171941e-05 6.1382189155553e-06 2.82097949123194 -2.19948787877344e-06 1.4
"12" 152 0.204010882976974 5.67234126646733e-05 6.15260210919116e-06 2.81481396695202 -2.38176673519885e-06 1.4
"13" 172 0.204005212469928 5.99902699825355e-05 7.35878898233297e-06 3.14837624682243 3.52580874107833e-07 1.4
"14" 192 0.204006799018429 5.17217689026901e-05 8.67709000777778e-06 2.34030108100073 1.62595973557389e-06 1.4
"15" 212 0.204007747887613 4.84101110427024e-05 6.62543743073706e-06 2.05020435592283 -9.75579286299766e-07 1.4
"16" 232 0.204008242487685 6.26526377556548e-05 8.28595635006807e-06 3.43402707042868 -4.34985607553062e-06 1.4
"1" 1 0.17419157032 2.06434167156858e-05 0 0 0 1.6
"2" 2 0.17419157032 2.776401376307e-05 4.02164932270939e-07 0.861580395622409 -1.54887724002073e-06 1.6
"3" 4 0.17419157032 3.79577596056496e-05 7.05599526684969e-07 1.61039512962652 -8.37913480017383e-07 1.6
"4" 8 0.17419157032 4.58674435474184e-05 1.19145634959023e-06 2.35147505858225 7.34956059983416e-07 1.6
"5" 16 0.174190616105769 5.20430456687238e-05 2.09287133274302e-06 3.02730874446132 2.44010737171507e-07 1.6
"6" 32 0.174190616105769 5.52833162549482e-05 2.88148916740703e-06 3.41601272951623 3.53417654244681e-06 1.6
"7" 52 0.174190616105769 5.9277558977936e-05 3.91937724082484e-06 3.92746143300444 2.79174701520168e-06 1.6
"8" 72 0.174190456320451 5.48735684924455e-05 4.20613140125846e-06 3.36556291862249 3.16788848625515e-07 1.6
"9" 92 0.174190456320451 5.39552117356507e-05 4.65897639077264e-06 3.25385434829386 -1.44288488326816e-06 1.6
"10" 112 0.174187208380682 6.10784305931257e-05 5.20870754840681e-06 4.16972146339335 -1.96014780842746e-06 1.6
"11" 132 0.174181307882883 5.93046433172852e-05 5.5578999342729e-06 3.931051223181 -5.79425450453197e-07 1.6
"12" 152 0.174188444243421 5.2093718010177e-05 5.50237625476895e-06 3.03320676602003 -1.09550071955566e-06 1.6
"13" 172 0.174189752606255 6.04790501750261e-05 7.44972152383237e-06 4.08828562953042 -2.09772850839895e-06 1.6
"14" 192 0.174190616105769 5.83119853318921e-05 9.27543438431266e-06 3.80055447981054 -1.13213800082002e-06 1.6
"15" 212 0.174183160274815 5.7212719911437e-05 9.23983037206263e-06 3.65861319168736 3.42803568503802e-07 1.6
"16" 232 0.174185565229885 6.09519517319514e-05 8.69391905633838e-06 4.15247034622434 6.41202606732616e-07 1.6
"1" 1 0.15232897324 1.78646118900844e-05 0 0 0 1.8
"2" 2 0.15232897324 2.2792223349416e-05 3.34455725687172e-07 0.819863114801074 -1.30780599960634e-08 1.8
"3" 4 0.15232897324 2.85471734817853e-05 5.86003855972485e-07 1.28615761249897 -5.51376239998902e-07 1.8
"4" 8 0.15232897324 3.50859014151186e-05 9.94189523632271e-07 1.94282302396556 1.85723933998627e-06 1.8
"5" 16 0.152327343770032 4.11611013028638e-05 1.71346989761338e-06 2.67388014529035 3.8281061698342e-07 1.8
"6" 32 0.152327343770032 4.75434068709763e-05 2.36251046029741e-06 3.56737334104591 1.97690705111553e-07 1.8
"7" 52 0.152327343770032 5.02235600175083e-05 3.17578402017057e-06 3.98091542950415 9.26298377390555e-07 1.8
"8" 72 0.152322997926731 5.38015987175801e-05 4.70414855308331e-06 4.56833902178865 1.13645330110379e-06 1.8
"9" 92 0.152322997926731 5.89265102818838e-05 5.09603359047616e-06 5.48011167330069 -2.17360217391604e-06 1.8
"10" 112 0.152329711607143 5.51848345216547e-05 5.47480577179759e-06 4.80626213047503 6.72859780836976e-07 1.8
"11" 132 0.152329867321867 5.79152515582977e-05 5.61585082208156e-06 5.29363335579375 2.01989312026418e-07 1.8
"12" 152 0.152329883038651 5.2312475454882e-05 6.95554272208023e-06 4.31895329053905 3.35440501625373e-07 1.8
"13" 172 0.152327336587811 6.29055188899928e-05 7.60219005417965e-06 6.24518721842566 -3.10178801121719e-06 1.8
"14" 192 0.152327343770032 6.23481138363037e-05 6.97802064010286e-06 6.13500051335056 1.96977988781155e-06 1.8
"15" 212 0.152330311936013 5.84597526423038e-05 6.95991881594772e-06 5.39363943996381 1.27510422476274e-06 1.8
"16" 232 0.152331155049261 6.26154377697441e-05 7.46581721236639e-06 6.18772218435159 -7.58773953196679e-07 1.8
